{"stats":{"minecraft:dropped":{"minecraft:oak_door":1,"minecraft:stone":2,"minecraft:granite":1,"minecraft:light_blue_stained_glass_pane":1},"minecraft:picked_up":{"minecraft:stone":2,"minecraft:oak_door":1,"minecraft:torch":5,"minecraft:granite":1},"minecraft:used":{"minecraft:oak_door":4,"minecraft:glass":17,"minecraft:torch":19,"minecraft:light_blue_stained_glass_pane":10,"minecraft:diorite":269,"minecraft:white_bed":1,"minecraft:campfire":8,"minecraft:cyan_concrete_powder":2,"minecraft:stone":85,"minecraft:acacia_planks":12,"minecraft:light_blue_stained_glass":5,"minecraft:green_stained_glass_pane":19,"minecraft:diorite_wall":33},"minecraft:custom":{"minecraft:time_since_rest":100079,"minecraft:crouch_one_cm":12,"minecraft:play_time":100079,"minecraft:walk_one_cm":82823,"minecraft:sneak_time":614,"minecraft:drop":5,"minecraft:jump":49,"minecraft:leave_game":8,"minecraft:time_since_death":100079,"minecraft:total_world_time":116755,"minecraft:fly_one_cm":130173}},"DataVersion":2860}