{"stats":{"minecraft:used":{"minecraft:oak_door":4,"minecraft:glass":17,"minecraft:torch":19,"minecraft:light_blue_stained_glass_pane":10,"minecraft:diorite":283,"minecraft:light_gray_stained_glass":9,"minecraft:birch_slab":44,"minecraft:birch_planks":151,"minecraft:grass_block":5,"minecraft:polished_diorite_slab":12,"minecraft:jungle_slab":25,"minecraft:white_bed":1,"minecraft:campfire":8,"minecraft:cyan_concrete_powder":2,"minecraft:stone":85,"minecraft:acacia_planks":12,"minecraft:light_blue_stained_glass":5,"minecraft:green_stained_glass_pane":19,"minecraft:diorite_wall":34,"minecraft:polished_diorite":29},"minecraft:custom":{"minecraft:time_since_rest":145075,"minecraft:crouch_one_cm":30,"minecraft:play_time":145075,"minecraft:walk_one_cm":120055,"minecraft:sneak_time":708,"minecraft:drop":5,"minecraft:jump":59,"minecraft:leave_game":10,"minecraft:time_since_death":145075,"minecraft:total_world_time":167167,"minecraft:fly_one_cm":229827},"minecraft:dropped":{"minecraft:oak_door":1,"minecraft:stone":2,"minecraft:granite":1,"minecraft:light_blue_stained_glass_pane":1},"minecraft:picked_up":{"minecraft:stone":2,"minecraft:oak_door":1,"minecraft:torch":10,"minecraft:granite":1}},"DataVersion":2860}